{"cameraMode":{"drawMode":0,"name":"Shaded","section":"Shading Mode"},"sceneLighting":true,"audioPlay":false,"sceneViewState":{"showFog":true,"showMaterialUpdate":false,"showSkybox":true,"showFlares":true,"showImageEffects":true,"showParticleSystems":true,"showVisualEffectGraphs":true,"m_FxEnabled":true},"in2DMode":false,"pivot":{"x":0.07236981391906738,"y":0.9896712303161621,"z":-0.010862588882446289},"rotation":{"x":0.017301425337791444,"y":0.9479385614395142,"z":-0.05187703296542168,"w":0.3137308657169342},"size":1.025172233581543,"orthographic":false}